{"center": [0.04857883229851723, 0.09394995868206024, -0.114056795835495], "radius": 6.220448970794678, "extent_low": [-0.723803699016571, -0.8744731545448303, -0.7885077595710754], "extent_high": [1.472486972808838, 4.699037551879883, 0.6107680201530457]}